Date,TempMean,TempMin,TempMax,Radiation,Precipitation,VapPressure,Windspeed
01/01/1978,-1.4,-8.4,0.9,3470,6.6,0.5,4.5
02/01/1978,-11.1,-16.7,-5.6,7570,0.0,0.18,4.6
03/01/1978,-8.4,-11.6,-4.4,9770,0.0,0.2,2.6
04/01/1978,-1.7,-7.0,4.7,8490,0.0,0.35,3.8
05/01/1978,-0.5,-1.4,1.1,2780,5.0,0.48,1.8
06/01/1978,0.7,-1.3,4.0,2950,0.0,0.63,1.4
07/01/1978,3.6,1.5,6.5,2290,3.6,0.77,2.2
08/01/1978,-3.0,-13.5,3.8,3100,0.8,0.45,5.1
09/01/1978,-16.6,-18.4,-13.9,9750,0.0,0.09,6.3
10/01/1978,-18.7,-21.8,-15.1,10820,0.0,0.09,4.3
11/01/1978,-16.2,-20.4,-10.4,10780,0.0,0.11,2.3
12/01/1978,-9.7,-15.6,-6.7,3720,2.7,0.21,1.3
13/01/1978,-6.6,-8.2,-5.3,4850,2.3,0.32,2.3
14/01/1978,-6.3,-8.4,-5.1,7460,1.5,0.32,3.9
15/01/1978,-12.9,-17.3,-9.0,11290,0.0,0.18,3.2
16/01/1978,-10.5,-15.7,-7.1,4970,4.3,0.24,2.0
17/01/1978,-8.4,-11.0,-6.9,7450,5.3,0.27,4.8
18/01/1978,-13.7,-17.0,-9.9,11150,0.0,0.18,1.9
19/01/1978,-8.2,-17.1,-4.9,6220,2.1,0.29,2.9
20/01/1978,-6.4,-7.4,-5.2,7520,5.1,0.32,4.0
21/01/1978,-12.1,-16.2,-6.8,11920,0.2,0.21,2.8
22/01/1978,-16.0,-22.2,-8.6,11930,0.0,0.15,1.9
23/01/1978,-9.9,-15.0,-3.4,11650,0.0,0.24,2.6
24/01/1978,-2.4,-6.6,0.8,3670,3.0,0.48,2.4
25/01/1978,-1.6,-2.8,-0.7,3610,11.5,0.52,2.9
26/01/1978,-10.8,-15.2,-4.7,6140,15.3,0.23,10.7
27/01/1978,-14.2,-16.3,-11.9,11030,1.2,0.16,8.4
28/01/1978,-14.9,-16.7,-12.7,11780,0.0,0.15,5.8
29/01/1978,-16.7,-18.4,-14.5,12850,0.0,0.13,5.2
30/01/1978,-18.2,-23.5,-12.4,12370,0.4,0.12,3.0
31/01/1978,-12.5,-14.3,-11.2,10750,0.3,0.19,4.5
01/02/1978,-13.7,-17.9,-9.1,8480,0.5,0.18,1.6
02/02/1978,-13.1,-16.5,-9.9,12690,0.1,0.19,2.4
03/02/1978,-13.1,-17.1,-8.5,8360,1.5,0.18,2.1
04/02/1978,-13.2,-17.8,-8.0,12000,1.1,0.19,2.3
05/02/1978,-8.6,-13.0,-5.5,11520,1.2,0.27,6.0
06/02/1978,-15.7,-18.0,-12.2,12630,0.0,0.14,5.1
07/02/1978,-16.9,-21.1,-12.0,14110,0.0,0.13,3.2
08/02/1978,-14.6,-18.4,-9.5,14120,0.0,0.17,2.1
09/02/1978,-14.5,-19.8,-7.9,14250,0.0,0.18,2.4
10/02/1978,-15.2,-20.3,-8.8,13860,0.0,0.17,2.0
11/02/1978,-14.1,-20.4,-6.2,14430,0.0,0.18,2.4
12/02/1978,-9.9,-14.4,-4.0,14400,0.0,0.25,1.8
13/02/1978,-5.4,-8.2,-3.6,4500,17.7,0.36,5.7
14/02/1978,-9.5,-12.9,-3.9,15030,0.4,0.25,2.8
15/02/1978,-9.6,-14.9,-5.0,13670,0.1,0.26,2.9
16/02/1978,-10.2,-14.4,-6.5,14280,0.3,0.24,2.2
17/02/1978,-11.7,-13.9,-9.9,14090,0.0,0.2,2.5
18/02/1978,-15.4,-19.1,-10.7,16520,0.0,0.15,2.0
19/02/1978,-14.2,-19.7,-7.8,14700,0.0,0.17,1.2
20/02/1978,-11.3,-16.3,-5.0,13850,0.5,0.22,2.1
21/02/1978,-9.9,-14.0,-6.0,13070,0.1,0.24,2.7
22/02/1978,-11.8,-18.3,-5.6,17280,0.0,0.2,2.2
23/02/1978,-5.5,-8.9,-2.5,9670,0.5,0.34,3.1
24/02/1978,-2.4,-7.5,2.5,16300,0.0,0.44,4.3
25/02/1978,-1.2,-4.6,1.1,11610,0.0,0.47,4.9
26/02/1978,-6.3,-8.3,-4.0,14030,0.1,0.3,3.5
27/02/1978,-6.2,-10.5,-1.3,16260,0.0,0.27,1.6
28/02/1978,-3.0,-7.5,0.8,14330,0.4,0.39,1.6
01/03/1978,-6.1,-11.8,-3.4,17280,0.5,0.29,3.2
02/03/1978,-8.0,-14.2,-4.1,6110,4.5,0.26,2.9
03/03/1978,-5.9,-8.6,-3.4,12100,2.3,0.32,3.6
04/03/1978,-11.1,-14.8,-7.9,17580,0.0,0.2,3.2
05/03/1978,-11.8,-18.9,-4.7,18310,0.0,0.18,2.5
06/03/1978,-3.4,-7.2,1.6,17000,0.0,0.35,1.7
07/03/1978,-3.8,-4.8,-2.2,8830,3.5,0.36,4.4
08/03/1978,-4.3,-6.8,-1.2,10520,3.3,0.34,4.4
09/03/1978,-5.3,-11.6,2.0,19740,0.0,0.34,1.9
10/03/1978,-2.5,-9.4,6.1,19140,0.0,0.4,1.5
11/03/1978,0.7,-4.1,6.3,10520,4.7,0.57,1.8
12/03/1978,1.0,-2.5,6.2,13950,1.2,0.58,2.1
13/03/1978,1.6,-3.3,7.6,12200,10.5,0.6,3.2
14/03/1978,4.1,2.6,6.3,3790,11.9,0.74,3.9
15/03/1978,2.1,-0.1,4.5,10560,0.0,0.56,2.6
16/03/1978,0.3,-2.7,3.6,15680,0.4,0.42,3.3
17/03/1978,-3.2,-7.4,0.4,17720,0.6,0.3,3.5
18/03/1978,-2.6,-10.9,4.5,16430,0.8,0.33,4.1
19/03/1978,3.0,-3.6,6.0,16800,0.0,0.56,3.3
20/03/1978,3.8,-5.8,13.5,11100,10.2,0.69,3.1
21/03/1978,7.4,2.4,13.1,9520,12.0,0.8,4.3
22/03/1978,7.5,-0.3,16.7,18220,1.0,0.74,3.7
23/03/1978,6.3,3.0,9.4,6940,0.3,0.69,2.7
24/03/1978,-0.1,-3.0,2.9,3790,7.4,0.37,5.7
25/03/1978,-0.1,-2.8,2.8,2650,13.5,0.55,4.6
26/03/1978,2.5,0.6,5.8,5570,2.3,0.67,1.8
27/03/1978,3.2,0.1,8.7,13220,0.0,0.61,2.4
28/03/1978,8.2,1.5,16.4,20290,0.0,0.76,3.5
29/03/1978,5.1,0.9,8.7,22070,0.0,0.52,3.2
30/03/1978,4.5,-4.0,13.7,21200,0.0,0.54,1.9
31/03/1978,14.2,5.4,23.4,22770,0.0,0.95,4.0
01/04/1978,15.3,6.4,18.2,22640,0.0,0.86,5.3
02/04/1978,4.4,2.0,7.2,10760,4.5,0.54,4.9
03/04/1978,15.0,6.2,23.7,18590,0.9,1.33,3.0
04/04/1978,14.7,9.2,16.9,7650,3.5,1.36,4.2
05/04/1978,9.5,1.5,15.4,17580,1.3,0.86,2.1
06/04/1978,13.7,10.1,18.3,7350,16.7,1.28,4.9
07/04/1978,12.8,4.3,21.4,23850,0.0,0.97,2.2
08/04/1978,10.9,6.5,15.8,12970,0.5,0.88,3.3
09/04/1978,13.5,6.2,22.4,21640,0.0,0.94,3.7
10/04/1978,18.1,12.0,24.2,13710,17.1,1.73,4.0
11/04/1978,10.3,7.0,13.1,21430,2.8,0.77,4.8
12/04/1978,13.4,7.3,19.7,23870,0.0,0.77,5.1
13/04/1978,9.4,5.4,13.2,24560,0.0,0.54,4.8
14/04/1978,8.3,3.4,13.6,17290,0.0,0.6,2.5
15/04/1978,7.4,2.2,12.9,25740,0.0,0.59,2.7
16/04/1978,6.0,0.5,11.5,21450,0.0,0.49,2.6
17/04/1978,7.8,0.2,15.3,24070,1.1,0.58,3.9
18/04/1978,11.5,7.3,19.4,13210,13.8,0.94,4.5
19/04/1978,8.9,5.8,13.2,11400,7.4,0.96,2.9
20/04/1978,6.2,3.0,9.4,8650,2.9,0.73,3.8
21/04/1978,4.0,0.6,9.1,22360,1.6,0.53,3.4
22/04/1978,5.3,-4.0,13.4,24820,0.4,0.54,1.9
23/04/1978,9.7,6.6,16.2,8310,3.2,0.89,3.0
24/04/1978,11.0,5.6,19.1,17940,4.8,0.99,2.1
25/04/1978,9.9,6.0,14.8,18010,6.2,0.82,3.7
26/04/1978,10.2,4.5,17.2,27590,0.0,0.66,4.6
27/04/1978,10.0,2.6,17.5,28080,0.0,0.61,2.7
28/04/1978,10.5,0.9,18.8,27580,0.0,0.67,1.9
29/04/1978,12.4,4.1,18.6,19350,0.0,0.87,1.4
30/04/1978,9.1,3.4,15.0,26260,0.0,0.64,3.5
01/05/1978,4.1,-0.3,10.3,28830,0.0,0.38,4.7
02/05/1978,6.0,0.3,13.1,28520,0.0,0.48,3.2
03/05/1978,8.3,-1.5,16.1,25390,0.0,0.52,2.7
04/05/1978,7.6,4.8,10.6,3070,22.1,0.77,4.9
05/05/1978,7.9,6.3,9.7,3800,3.8,0.96,3.2
06/05/1978,9.4,4.2,14.3,20280,2.0,0.85,1.6
07/05/1978,10.3,9.1,12.7,4470,9.5,0.96,4.6
08/05/1978,16.5,11.1,22.4,19130,4.2,1.41,3.9
09/05/1978,12.9,9.8,15.6,20400,0.4,0.9,5.1
10/05/1978,13.8,6.7,20.2,28150,0.0,0.94,2.7
11/05/1978,15.8,12.9,19.3,12860,4.2,1.26,4.1
12/05/1978,18.5,16.0,23.2,10070,5.1,1.75,5.2
13/05/1978,12.1,7.3,17.5,5190,21.8,1.29,4.5
14/05/1978,7.2,6.0,8.4,2710,11.0,0.93,5.0
15/05/1978,9.9,6.8,13.5,5190,1.5,1.08,3.8
16/05/1978,13.6,10.6,17.1,14830,0.8,1.2,3.0
17/05/1978,14.8,8.7,20.2,19500,0.7,1.25,1.9
18/05/1978,16.6,7.6,24.1,27770,0.0,1.34,1.7
19/05/1978,19.7,11.7,26.0,27750,0.0,1.54,1.3
20/05/1978,19.9,15.3,24.8,18980,5.8,1.72,3.3
21/05/1978,12.9,7.2,17.5,25860,0.0,0.96,3.2
22/05/1978,13.4,9.1,17.6,21020,0.6,1.13,1.8
23/05/1978,16.8,13.6,20.1,9080,5.6,1.68,2.2
24/05/1978,18.9,14.6,23.1,22500,0.0,1.73,1.3
25/05/1978,20.6,14.4,26.6,27190,0.0,1.77,1.5
26/05/1978,21.9,15.3,27.8,28920,0.0,1.82,1.9
27/05/1978,22.7,15.7,29.0,29200,0.0,1.78,1.8
28/05/1978,22.9,14.4,29.7,29360,0.0,1.73,1.6
29/05/1978,23.5,18.7,28.3,24620,0.7,2.05,2.3
30/05/1978,22.2,19.6,24.3,22220,2.0,1.88,3.1
31/05/1978,22.0,15.1,28.3,27590,0.0,1.72,1.8
01/06/1978,23.5,18.7,28.6,26130,1.2,1.94,2.6
02/06/1978,19.0,15.7,22.0,22120,4.6,1.57,1.7
03/06/1978,17.2,11.3,21.7,24510,0.0,1.08,2.1
04/06/1978,18.8,12.2,24.6,24660,0.0,1.33,2.3
05/06/1978,19.3,14.6,23.8,30000,0.0,1.24,2.3
06/06/1978,19.9,14.1,25.7,24410,0.9,1.51,2.5
07/06/1978,20.7,18.1,24.8,13690,19.3,2.11,2.1
08/06/1978,16.1,12.3,20.1,9050,0.5,1.47,3.1
09/06/1978,15.8,6.9,23.1,30460,0.0,1.01,1.6
10/06/1978,19.2,12.4,25.2,30390,0.0,1.28,2.6
11/06/1978,21.9,15.7,27.7,30120,0.0,1.54,4.2
12/06/1978,22.2,15.2,25.6,20420,9.8,1.73,4.6
13/06/1978,13.7,9.3,18.0,30730,0.0,0.85,3.8
14/06/1978,15.0,7.7,21.4,29480,0.0,0.91,1.7
15/06/1978,19.1,14.9,24.0,23350,0.0,1.25,3.0
16/06/1978,22.9,16.9,29.0,25190,1.1,1.64,3.9
17/06/1978,26.1,21.7,30.8,26470,0.1,2.03,4.9
18/06/1978,23.2,18.9,26.6,9960,8.9,2.14,3.1
19/06/1978,20.8,14.4,26.3,28360,0.0,1.67,1.3
20/06/1978,22.1,16.5,27.1,22260,0.6,1.88,2.2
21/06/1978,20.5,17.1,23.3,27520,0.7,1.58,2.8
22/06/1978,18.5,12.3,24.1,29930,0.0,1.2,1.2
23/06/1978,20.5,13.7,26.3,24800,0.3,1.44,1.5
24/06/1978,22.5,16.2,28.0,25780,0.0,1.7,1.9
25/06/1978,24.7,20.9,28.1,13960,5.6,2.45,3.2
26/06/1978,27.5,22.9,31.9,21860,4.3,2.72,4.4
27/06/1978,26.9,22.3,31.9,20300,15.8,2.68,2.6
28/06/1978,24.9,18.2,29.6,26760,0.0,2.12,1.2
29/06/1978,25.8,21.0,31.0,27170,0.0,2.32,1.5
30/06/1978,24.9,18.7,29.6,25240,0.0,2.01,1.3
01/07/1978,25.0,20.6,29.8,19530,8.0,2.48,2.4
02/07/1978,24.0,21.5,28.2,15830,13.7,2.62,2.0
03/07/1978,20.6,18.0,23.9,11560,0.3,1.99,2.7
04/07/1978,20.7,14.3,26.2,28640,0.0,1.72,1.7
05/07/1978,21.3,15.4,26.7,29370,0.0,1.85,1.9
06/07/1978,23.5,17.0,29.6,28960,0.0,2.04,2.2
07/07/1978,25.7,19.4,31.6,26270,1.5,2.29,2.5
08/07/1978,23.7,20.5,26.8,28310,0.0,2.15,2.2
09/07/1978,22.3,17.6,28.1,15830,1.1,2.09,1.8
10/07/1978,20.4,16.1,23.3,26140,0.0,1.59,3.6
11/07/1978,17.0,11.1,22.3,30120,0.0,1.09,2.4
12/07/1978,19.7,13.1,26.0,24480,1.7,1.38,2.7
13/07/1978,23.8,19.3,28.7,16830,17.6,2.44,3.4
14/07/1978,23.3,17.9,27.6,27010,0.0,2.13,1.0
15/07/1978,24.0,18.2,29.0,26770,0.3,2.14,1.3
16/07/1978,21.4,15.7,26.4,27530,0.0,1.68,2.1
17/07/1978,21.7,14.0,27.7,28110,0.0,1.65,1.0
18/07/1978,24.8,19.8,30.2,24850,0.0,1.84,2.5
19/07/1978,26.1,21.1,31.2,23320,0.1,2.08,2.2
20/07/1978,27.2,21.9,32.1,22620,3.1,2.54,1.9
21/07/1978,27.8,23.6,31.8,24010,0.2,2.56,2.3
22/07/1978,27.9,24.1,31.5,23770,4.0,2.37,3.5
23/07/1978,22.3,19.5,24.1,8020,8.2,2.26,2.7
24/07/1978,19.9,16.4,23.4,8330,12.6,1.91,1.1
25/07/1978,22.9,19.1,27.3,26870,0.1,2.16,1.6
26/07/1978,25.5,21.4,30.9,25780,0.0,2.31,3.2
27/07/1978,23.7,19.6,27.9,23770,1.5,2.09,2.6
28/07/1978,20.6,15.6,25.4,26850,0.0,1.59,1.9
29/07/1978,23.1,18.5,29.7,14020,1.3,2.07,3.7
30/07/1978,19.5,16.3,22.9,9020,1.3,1.83,2.5
31/07/1978,20.4,16.4,24.9,22140,0.2,1.63,2.1
01/08/1978,22.4,17.7,26.5,22640,0.0,1.91,1.5
02/08/1978,22.3,20.7,26.5,8600,21.5,2.29,2.7
03/08/1978,21.9,18.4,25.7,24930,0.5,2.05,2.5
04/08/1978,18.5,13.8,22.1,23460,0.0,1.33,1.7
05/08/1978,18.1,12.6,22.6,19860,0.0,1.41,1.9
06/08/1978,20.2,15.3,25.1,22920,0.1,1.6,1.9
07/08/1978,19.8,16.8,23.6,18510,2.4,1.69,1.6
08/08/1978,21.6,15.5,27.3,26090,0.0,1.81,2.6
09/08/1978,22.8,19.7,27.5,19400,8.8,2.09,2.6
10/08/1978,21.1,16.7,26.1,23130,0.0,1.87,1.8
11/08/1978,21.2,18.5,25.2,17310,6.1,2.05,1.6
12/08/1978,21.2,18.8,25.2,10700,15.0,2.26,1.6
13/08/1978,22.7,18.0,27.8,22500,0.1,2.26,1.6
14/08/1978,23.7,18.6,28.4,22540,0.0,2.22,1.9
15/08/1978,25.3,20.2,30.2,22430,1.0,2.56,3.4
16/08/1978,23.9,20.9,26.5,23690,4.7,2.15,4.4
17/08/1978,22.4,16.6,27.0,17250,1.1,1.93,2.2
18/08/1978,26.3,21.6,30.5,20670,0.0,2.63,3.8
19/08/1978,24.9,19.3,27.2,17950,0.0,2.17,3.9
20/08/1978,19.2,13.7,24.0,25460,0.0,1.48,1.7
21/08/1978,18.7,11.9,24.4,25280,0.0,1.47,1.8
22/08/1978,20.8,13.9,27.2,24180,0.0,1.72,1.1
23/08/1978,22.9,16.9,29.0,24600,0.0,1.92,2.1
24/08/1978,25.7,20.1,31.4,21480,6.6,2.28,2.3
25/08/1978,24.4,20.9,27.9,11480,0.3,2.49,1.6
26/08/1978,23.8,19.2,28.1,14950,0.7,2.35,0.9
27/08/1978,24.6,21.1,28.8,13420,23.6,2.63,2.6
28/08/1978,24.3,21.2,28.0,17130,12.1,2.45,3.5
29/08/1978,21.1,18.7,24.3,17550,0.0,1.8,2.1
30/08/1978,18.3,15.3,21.4,6970,2.0,1.58,1.8
31/08/1978,18.6,12.0,25.0,23260,0.0,1.47,1.8
01/09/1978,19.8,12.8,26.0,22880,0.0,1.62,1.3
02/09/1978,20.7,14.8,26.2,22920,0.0,1.72,1.6
03/09/1978,21.5,16.3,27.9,20270,0.5,1.83,3.1
04/09/1978,19.3,13.7,25.6,21930,0.0,1.62,2.0
05/09/1978,20.8,12.9,27.7,22480,0.0,1.63,1.0
06/09/1978,22.2,15.6,28.8,22180,0.0,1.79,1.4
07/09/1978,23.5,17.9,29.8,21720,0.0,2.01,2.0
08/09/1978,24.6,18.2,30.9,21370,0.0,2.05,1.8
09/09/1978,25.0,18.4,31.3,20930,0.0,2.06,1.4
10/09/1978,25.1,19.6,31.0,20010,0.0,2.05,1.7
11/09/1978,25.2,20.4,30.2,19020,0.2,2.14,2.6
12/09/1978,24.5,21.4,27.5,11330,1.5,2.28,2.5
13/09/1978,23.5,20.4,29.1,10420,11.0,2.37,2.8
14/09/1978,22.4,18.9,26.0,7760,2.0,2.21,3.5
15/09/1978,20.7,14.4,27.0,20040,0.0,1.39,2.3
16/09/1978,22.5,18.9,26.5,7520,11.1,2.1,2.3
17/09/1978,24.6,21.1,30.3,11440,7.7,2.49,2.9
18/09/1978,26.3,23.5,29.7,14800,0.3,2.48,4.0
19/09/1978,26.7,22.6,30.8,15470,0.0,2.51,2.7
20/09/1978,26.4,21.9,30.9,17970,0.0,2.37,2.8
21/09/1978,19.2,16.0,24.9,4150,9.7,1.92,3.1
22/09/1978,16.1,13.1,18.8,14220,0.0,1.08,2.8
23/09/1978,14.6,8.5,20.6,19820,0.0,1.06,1.9
24/09/1978,16.6,10.5,23.1,19380,0.0,1.21,1.5
25/09/1978,15.9,12.5,19.9,19240,0.0,1.11,3.0
26/09/1978,14.9,7.7,22.2,19300,0.0,0.98,1.7
27/09/1978,16.6,11.7,25.5,16660,0.3,1.17,3.6
28/09/1978,12.8,7.7,18.1,19250,0.0,0.83,2.4
29/09/1978,14.9,8.7,22.2,18640,0.0,0.92,2.6
30/09/1978,17.0,14.8,20.8,11260,3.2,1.29,3.1
01/10/1978,14.9,10.3,19.4,10320,0.1,1.2,1.8
02/10/1978,16.3,11.4,22.0,16290,0.0,1.22,2.1
03/10/1978,16.5,13.7,20.6,10070,5.5,1.28,3.1
04/10/1978,13.5,9.2,18.4,11470,0.0,0.9,3.1
05/10/1978,14.2,11.0,17.5,10900,4.7,0.94,4.9
06/10/1978,11.6,9.9,14.1,8620,0.9,0.83,4.7
07/10/1978,9.8,6.4,12.8,11850,0.3,0.67,3.3
08/10/1978,7.8,3.1,12.9,17190,0.0,0.59,1.8
09/10/1978,12.1,5.1,19.8,16380,0.0,0.78,3.6
10/10/1978,15.0,10.8,20.5,12780,1.2,0.94,2.8
11/10/1978,14.9,12.1,18.6,9390,2.2,1.27,2.7
12/10/1978,14.0,10.2,19.9,8920,13.1,1.3,2.4
13/10/1978,11.4,7.8,16.0,14580,0.5,0.86,2.0
14/10/1978,8.2,5.2,11.5,10180,11.5,0.72,3.8
15/10/1978,6.7,1.7,11.4,9000,1.7,0.65,3.5
16/10/1978,7.6,5.4,10.1,6130,0.1,0.73,4.2
17/10/1978,6.4,-0.1,12.8,15640,0.0,0.62,2.0
18/10/1978,10.4,5.9,16.5,9850,1.7,0.9,2.8
19/10/1978,9.9,5.6,15.0,13780,0.0,0.8,2.8
20/10/1978,11.9,4.6,19.9,14690,0.0,0.91,2.0
21/10/1978,15.6,10.3,22.6,14670,0.0,1.05,3.8
22/10/1978,18.1,14.6,23.6,9690,0.1,1.28,3.9
23/10/1978,10.6,5.9,15.9,6870,4.4,0.93,4.2
24/10/1978,6.9,1.8,12.3,14480,0.0,0.64,2.2
25/10/1978,11.0,6.5,15.1,4590,8.4,1.04,4.9
26/10/1978,10.1,5.5,15.0,6970,1.2,0.9,3.2
27/10/1978,9.6,4.6,15.9,13640,0.0,0.7,3.7
28/10/1978,8.8,4.9,13.5,11700,0.0,0.75,2.8
29/10/1978,7.6,2.6,14.0,13290,0.0,0.66,2.5
30/10/1978,10.5,4.5,19.3,13520,0.0,0.78,2.5
31/10/1978,11.2,6.2,19.1,12710,0.0,1.0,2.1
01/11/1978,9.2,3.7,15.4,12990,0.0,0.85,1.6
02/11/1978,10.8,3.5,19.5,12620,0.0,0.88,1.9
03/11/1978,13.4,6.9,21.5,12500,0.0,1.11,1.8
04/11/1978,15.1,9.6,22.6,11410,0.0,1.15,2.5
05/11/1978,16.8,12.2,22.9,11580,0.0,1.23,3.6
06/11/1978,9.5,5.0,16.5,1660,11.1,1.02,3.7
07/11/1978,6.2,3.1,10.0,11240,1.0,0.66,2.1
08/11/1978,5.6,-0.8,12.1,12040,0.0,0.56,2.6
09/11/1978,9.1,4.8,15.5,11620,0.0,0.65,3.8
10/11/1978,9.9,4.6,16.7,11480,0.0,0.84,2.6
11/11/1978,11.5,7.4,17.1,8640,0.5,1.06,2.2
12/11/1978,9.4,7.3,10.7,3740,1.9,0.97,3.1
13/11/1978,12.9,6.7,19.4,6740,15.1,1.32,4.1
14/11/1978,7.3,1.9,16.5,10160,11.2,0.7,3.0
15/11/1978,2.8,0.5,4.8,2250,3.1,0.56,2.1
16/11/1978,5.5,2.3,8.2,5560,0.7,0.6,3.4
17/11/1978,9.4,5.8,15.6,2650,23.6,1.0,6.6
18/11/1978,5.0,1.8,8.0,6760,0.0,0.63,3.6
19/11/1978,4.2,1.3,7.8,8430,0.0,0.66,1.8
20/11/1978,3.0,0.6,5.5,8220,0.0,0.49,1.9
21/11/1978,2.2,1.0,3.8,3330,1.2,0.59,1.7
22/11/1978,3.1,1.0,5.7,2400,1.3,0.63,1.9
23/11/1978,7.8,4.0,11.0,2650,9.9,0.93,4.4
24/11/1978,0.6,-1.3,3.8,4380,0.0,0.45,3.8
25/11/1978,0.6,-4.0,6.2,8680,0.0,0.5,1.5
26/11/1978,2.1,0.8,4.7,2180,8.0,0.63,3.2
27/11/1978,1.9,1.1,3.0,1970,3.4,0.65,3.1
28/11/1978,-1.3,-4.1,1.1,7380,0.5,0.39,4.2
29/11/1978,1.8,-3.0,7.1,6630,1.7,0.51,4.4
30/11/1978,-1.9,-6.4,3.1,9660,0.0,0.36,2.3
01/12/1978,3.6,-1.2,9.6,8320,0.3,0.55,3.0
02/12/1978,1.2,0.1,2.3,3030,2.9,0.56,3.7
03/12/1978,8.1,-0.1,13.3,810,12.3,1.04,4.3
04/12/1978,-3.2,-6.9,0.1,8110,0.0,0.27,5.2
05/12/1978,0.7,-1.4,5.8,3970,0.2,0.42,3.1
06/12/1978,-1.6,-3.9,1.7,7370,0.0,0.42,2.3
07/12/1978,1.5,-1.5,7.5,2150,20.5,0.62,3.1
08/12/1978,-2.8,-7.3,1.5,1860,4.4,0.43,3.8
09/12/1978,-8.8,-11.7,-5.9,8870,0.1,0.18,3.9
10/12/1978,-10.9,-15.5,-5.8,9420,0.0,0.15,2.5
11/12/1978,-1.0,-5.6,3.7,6690,0.0,0.37,3.3
12/12/1978,2.4,-0.9,6.8,8380,0.0,0.49,3.9
13/12/1978,-0.3,-3.2,2.7,5860,0.0,0.4,6.0
14/12/1978,-1.2,-4.6,3.7,8930,0.0,0.34,4.8
15/12/1978,1.9,-0.7,7.1,8990,0.0,0.44,4.6
16/12/1978,1.4,-1.7,7.9,8430,0.0,0.54,4.0
17/12/1978,-0.5,-3.4,4.4,9180,0.0,0.4,3.9
18/12/1978,0.6,-2.4,4.6,2980,0.0,0.45,2.9
19/12/1978,1.0,-0.9,2.2,2020,0.9,0.54,3.4
20/12/1978,6.3,0.5,14.2,1510,7.7,0.94,4.2
21/12/1978,-2.1,-4.2,0.4,4670,0.0,0.34,5.2
22/12/1978,0.4,-2.6,5.4,8880,0.0,0.39,4.2
23/12/1978,-0.2,-5.5,5.6,6870,0.0,0.39,2.9
24/12/1978,1.1,-1.0,2.2,2020,5.7,0.58,3.1
25/12/1978,-2.8,-5.5,0.1,9000,0.1,0.33,3.0
26/12/1978,-3.5,-5.3,-2.0,7150,0.2,0.31,3.4
27/12/1978,-6.2,-8.8,-2.8,9480,0.0,0.22,2.2
28/12/1978,-4.1,-8.0,0.8,6900,0.0,0.23,3.8
29/12/1978,0.3,-2.1,3.6,2390,5.7,0.44,3.9
30/12/1978,4.5,2.4,5.6,830,6.6,0.8,2.5
31/12/1978,1.4,0.3,2.4,630,32.0,0.66,2.7
01/01/1979,-2.5,-8.4,-0.1,2480,1.9,0.45,3.5
02/01/1979,-16.2,-20.0,-8.9,9530,0.5,0.1,5.3
03/01/1979,-15.1,-20.1,-9.6,9460,0.0,0.11,4.5
04/01/1979,-12.6,-14.9,-10.7,8770,0.0,0.13,3.6
05/01/1979,-13.3,-15.6,-10.1,5380,1.3,0.13,1.6
06/01/1979,-12.2,-16.1,-7.1,8800,0.0,0.14,1.7
07/01/1979,-10.7,-13.8,-9.2,4880,1.0,0.18,2.2
08/01/1979,-16.7,-19.5,-13.9,9550,0.0,0.11,3.7
09/01/1979,-12.0,-16.6,-7.1,9780,0.0,0.16,4.0
10/01/1979,-15.6,-17.7,-12.3,7700,0.0,0.12,2.9
11/01/1979,-15.4,-21.2,-9.6,9200,0.0,0.12,1.9
12/01/1979,-7.5,-11.3,-3.2,6090,0.9,0.28,2.1
13/01/1979,-1.1,-3.7,1.5,1550,13.3,0.54,2.7
14/01/1979,-12.7,-23.7,-1.0,10390,3.6,0.22,5.4
15/01/1979,-20.8,-27.8,-10.4,8190,0.0,0.09,3.1
16/01/1979,-8.0,-10.7,-5.1,8280,0.0,0.27,2.2
17/01/1979,-2.3,-10.5,2.4,7320,0.3,0.48,4.9
18/01/1979,-11.7,-16.7,-6.7,10910,0.0,0.19,2.4
19/01/1979,-3.7,-9.7,1.7,3720,5.0,0.42,4.2
20/01/1979,0.5,-1.8,1.9,3570,0.1,0.62,2.1
21/01/1979,-1.9,-5.1,-0.9,5440,3.0,0.49,4.6
22/01/1979,-5.4,-6.5,-3.8,7880,0.0,0.34,3.6
23/01/1979,-1.3,-4.6,2.2,9570,2.8,0.46,3.8
24/01/1979,-2.7,-7.7,0.9,5060,25.4,0.48,5.2
25/01/1979,-13.1,-16.3,-8.1,12420,0.1,0.17,4.9
26/01/1979,-13.9,-18.1,-8.5,10140,0.0,0.17,2.0
27/01/1979,-7.0,-10.3,-4.6,5230,6.4,0.33,1.7
28/01/1979,-3.3,-5.0,-2.4,8970,1.1,0.44,5.4
29/01/1979,-7.6,-8.8,-5.4,8650,0.0,0.3,5.5
30/01/1979,-9.5,-10.6,-8.0,10340,0.1,0.26,2.6
31/01/1979,-9.8,-11.9,-7.7,9030,1.5,0.26,4.8
01/02/1979,-13.7,-17.3,-11.6,11040,0.0,0.18,4.6
02/02/1979,-13.4,-18.6,-7.2,10240,0.2,0.18,2.5
03/02/1979,-5.7,-7.0,-3.7,9020,2.0,0.36,2.2
04/02/1979,-14.7,-20.0,-7.3,13770,0.0,0.16,6.3
05/02/1979,-22.2,-26.2,-18.7,14250,0.0,0.08,3.1
06/02/1979,-13.2,-22.3,-5.0,13940,0.0,0.18,3.9
07/02/1979,-9.5,-15.7,-6.3,9670,0.0,0.25,4.4
08/02/1979,-16.6,-19.9,-12.1,8510,2.8,0.13,3.3
09/02/1979,-19.9,-23.5,-16.1,14790,0.0,0.1,3.6
10/02/1979,-18.5,-22.9,-14.0,13010,0.0,0.11,2.4
11/02/1979,-9.5,-14.3,-4.6,8320,2.9,0.25,3.3
12/02/1979,-5.6,-8.6,-3.8,8460,6.2,0.35,3.6
13/02/1979,-11.2,-13.7,-9.0,12490,0.5,0.22,2.5
14/02/1979,-4.7,-11.1,0.5,8770,0.0,0.39,3.3
15/02/1979,-0.5,-3.6,0.7,3850,2.4,0.55,4.0
16/02/1979,-8.8,-13.9,-3.4,10660,0.0,0.26,5.9
17/02/1979,-17.4,-20.5,-14.5,15720,0.0,0.11,6.5
18/02/1979,-12.7,-18.2,-8.6,7570,7.6,0.19,4.5
19/02/1979,-15.2,-20.5,-11.3,16560,0.0,0.15,2.7
20/02/1979,-5.9,-12.6,2.3,13140,0.0,0.33,5.1
21/02/1979,2.0,-0.8,3.3,9540,7.3,0.63,7.4
22/02/1979,0.8,-2.5,5.9,8320,9.6,0.61,4.4
23/02/1979,5.4,-2.0,8.6,4210,1.6,0.9,4.1
24/02/1979,-2.0,-5.7,1.5,10340,0.0,0.46,3.9
25/02/1979,-3.4,-5.2,-1.1,3780,3.8,0.4,6.7
26/02/1979,-7.3,-10.5,-3.9,18020,0.0,0.27,4.6
27/02/1979,-6.9,-15.7,2.1,17670,0.0,0.29,1.5
28/02/1979,-1.7,-6.6,2.6,8520,1.4,0.46,2.5
01/03/1979,1.8,-0.5,4.7,10950,4.0,0.63,2.2
02/03/1979,1.7,-1.6,6.8,11680,0.0,0.59,2.1
03/03/1979,7.8,0.9,13.2,3330,11.4,0.99,5.1
04/03/1979,8.1,2.6,13.5,4470,11.5,0.98,4.9
05/03/1979,1.2,-0.6,2.8,6610,0.3,0.44,3.9
06/03/1979,3.0,-2.1,9.4,18460,0.6,0.48,3.4
07/03/1979,4.4,1.7,7.5,8550,0.2,0.6,1.8
08/03/1979,3.7,-0.5,9.9,13780,0.0,0.63,2.1
09/03/1979,1.9,-0.8,4.0,4510,7.5,0.65,2.3
10/03/1979,-4.6,-9.6,0.8,13670,0.0,0.28,4.4
11/03/1979,-6.5,-12.2,1.6,15530,0.0,0.19,4.0
12/03/1979,-0.7,-7.1,6.6,19740,0.0,0.39,1.5
13/03/1979,7.4,-0.5,14.8,15290,2.3,0.73,5.1
14/03/1979,0.9,-3.9,5.6,15900,0.3,0.39,6.6
15/03/1979,-4.5,-8.6,0.5,20690,0.0,0.2,2.8
16/03/1979,0.4,-6.1,8.3,20690,0.0,0.34,2.1
17/03/1979,5.5,-1.7,13.6,15200,1.7,0.58,2.7
18/03/1979,12.6,6.9,20.4,15670,0.1,1.13,2.7
19/03/1979,13.8,11.4,17.6,9030,2.4,1.31,2.8
20/03/1979,12.0,8.8,16.0,7650,0.0,1.33,1.6
21/03/1979,9.7,4.1,16.1,15550,0.0,0.93,2.3
22/03/1979,13.2,5.4,21.8,20100,1.3,1.02,3.2
23/03/1979,14.0,9.1,16.7,6510,11.9,1.44,4.8
24/03/1979,4.4,-2.1,8.7,3800,12.9,0.77,3.5
25/03/1979,-4.5,-6.6,-2.8,10260,1.1,0.28,3.4
26/03/1979,-1.1,-6.1,4.2,19390,0.0,0.36,2.6
27/03/1979,-0.1,-4.0,4.1,18510,0.0,0.39,1.6
28/03/1979,6.4,-1.7,15.6,8610,10.1,0.84,4.4
29/03/1979,16.0,13.3,18.4,10570,1.6,1.41,5.6
30/03/1979,16.6,15.3,18.4,7890,9.2,1.51,6.8
31/03/1979,7.9,1.4,15.3,18140,10.0,0.87,3.8
01/04/1979,5.0,-0.5,9.1,5650,4.8,0.78,2.6
02/04/1979,7.9,4.6,11.2,6600,7.9,0.9,4.5
03/04/1979,5.0,-1.4,10.6,23290,0.0,0.54,2.0
04/04/1979,3.8,2.3,5.1,6010,7.7,0.63,2.8
05/04/1979,6.8,1.3,14.4,21120,1.3,0.67,5.3
06/04/1979,-2.0,-7.1,3.7,25200,0.0,0.19,4.8
07/04/1979,0.1,-5.1,5.9,9970,2.1,0.38,2.5
08/04/1979,9.1,2.2,15.2,7700,33.7,1.06,4.0
09/04/1979,1.7,-1.1,4.5,12140,4.0,0.5,4.7
10/04/1979,2.5,-4.4,9.9,21230,0.0,0.49,2.1
11/04/1979,7.9,3.0,14.7,6860,17.6,0.86,4.2
12/04/1979,19.1,15.5,23.8,19000,7.1,1.74,5.8
13/04/1979,13.3,9.0,17.1,18500,2.9,1.07,2.7
14/04/1979,10.6,5.6,15.1,17620,0.8,0.76,4.0
15/04/1979,8.5,3.7,12.7,20510,0.0,0.62,3.5
16/04/1979,7.3,0.2,13.9,25450,0.0,0.66,2.4
17/04/1979,8.3,1.6,15.2,25470,0.0,0.69,2.4
18/04/1979,8.4,1.2,15.9,26450,0.0,0.65,2.0
19/04/1979,10.6,2.1,17.7,24440,0.0,0.77,2.1
20/04/1979,14.9,8.7,21.5,23260,0.1,0.91,2.7
21/04/1979,15.3,10.8,19.1,13940,2.6,1.24,2.8
22/04/1979,12.1,4.9,19.0,24060,0.0,0.96,2.1
23/04/1979,14.6,9.0,20.7,17040,0.0,1.29,2.3
24/04/1979,16.6,14.2,20.2,7650,6.1,1.63,2.9
25/04/1979,17.7,15.1,21.6,12000,3.5,1.69,4.3
26/04/1979,12.4,6.8,16.9,5540,9.5,1.25,3.9
27/04/1979,7.8,2.7,14.8,16430,6.1,0.79,2.1
28/04/1979,6.0,2.9,9.6,12090,0.8,0.66,3.4
29/04/1979,6.8,0.3,12.3,11040,2.4,0.71,2.8
30/04/1979,8.8,4.3,12.6,22930,0.0,0.64,4.1
01/05/1979,7.9,-0.7,15.2,27640,0.0,0.69,2.1
02/05/1979,14.8,6.8,23.5,22660,2.4,1.05,4.0
03/05/1979,13.3,8.5,16.0,10650,11.0,1.3,4.4
04/05/1979,8.8,6.1,12.4,14570,0.0,0.66,2.7
05/05/1979,8.9,0.6,16.1,27690,0.0,0.69,2.2
06/05/1979,14.8,8.6,21.5,27000,0.0,0.98,3.6
07/05/1979,19.2,12.8,25.6,27990,0.0,1.49,5.1
08/05/1979,22.9,17.4,28.2,27150,0.0,1.79,5.2
09/05/1979,23.0,17.7,27.3,24040,0.0,1.99,3.4
10/05/1979,23.3,18.3,27.8,23320,0.1,2.18,2.7
11/05/1979,21.6,15.8,26.5,19200,3.4,2.03,3.2
12/05/1979,11.3,9.6,15.0,4990,5.6,0.99,2.6
13/05/1979,12.9,5.6,18.8,24840,1.0,0.98,1.8
14/05/1979,15.0,9.2,21.3,21600,2.1,1.2,2.1
15/05/1979,14.6,9.9,19.3,27230,0.0,1.05,2.5
16/05/1979,13.4,5.4,19.6,29710,0.0,0.81,1.6
17/05/1979,16.0,9.1,22.7,27420,0.0,0.93,3.2
18/05/1979,19.3,13.1,25.7,27790,0.0,1.14,2.8
19/05/1979,18.9,14.8,22.7,18100,0.3,1.43,3.1
20/05/1979,17.7,10.9,23.4,19270,0.0,1.33,1.6
21/05/1979,13.3,8.5,16.7,29260,0.0,0.85,4.0
22/05/1979,13.6,4.7,21.9,28610,0.0,0.89,2.3
23/05/1979,15.5,9.6,23.1,22990,0.0,1.13,2.7
24/05/1979,11.2,9.2,13.9,14960,1.6,0.93,5.4
25/05/1979,11.2,7.7,15.8,29800,1.0,0.64,5.7
26/05/1979,12.7,5.9,20.9,24260,2.0,0.78,4.0
27/05/1979,14.5,8.3,20.7,23480,0.3,1.08,2.3
28/05/1979,15.1,10.1,19.7,29630,0.0,0.93,3.3
29/05/1979,17.8,9.4,26.0,24570,0.0,1.02,2.1
30/05/1979,21.8,15.4,28.1,28880,0.0,1.21,2.6
31/05/1979,20.7,16.6,24.5,12900,0.4,1.96,1.8
01/06/1979,20.4,17.0,24.7,22970,0.3,1.7,2.5
02/06/1979,18.3,13.7,23.9,18970,0.0,1.13,1.0
03/06/1979,20.4,12.2,27.4,28540,0.0,1.16,1.6
04/06/1979,22.7,16.5,28.2,27090,0.0,1.14,3.3
05/06/1979,22.3,18.0,28.2,22120,11.0,1.7,2.1
06/06/1979,23.4,16.0,29.3,25530,0.1,2.07,1.6
07/06/1979,22.1,20.4,23.5,10230,11.7,2.24,3.4
08/06/1979,24.5,20.6,29.2,20180,1.4,2.54,2.6
09/06/1979,26.1,21.5,30.8,22990,0.7,2.66,2.4
10/06/1979,22.0,15.7,26.1,17220,0.8,1.86,5.7
11/06/1979,18.4,11.9,23.8,27580,0.0,1.07,3.4
12/06/1979,19.9,12.3,25.0,24790,0.2,1.39,1.8
13/06/1979,20.1,15.9,25.0,20600,1.8,1.75,2.3
14/06/1979,23.1,17.2,29.0,27480,0.0,1.68,3.7
15/06/1979,25.0,20.1,29.8,29720,0.0,1.55,4.3
16/06/1979,24.4,18.3,29.5,29740,0.0,1.47,3.3
17/06/1979,23.4,17.5,30.8,23380,2.1,1.69,3.4
18/06/1979,18.7,15.2,23.3,18250,6.9,1.57,2.7
19/06/1979,21.5,15.6,28.7,23910,9.6,1.88,3.7
20/06/1979,23.7,20.2,29.6,18170,18.1,2.23,4.3
21/06/1979,23.4,18.6,28.6,27940,11.8,2.01,3.7
22/06/1979,22.7,17.5,27.2,28280,0.0,1.79,2.0
23/06/1979,16.3,12.8,19.5,24460,0.0,1.26,3.6
24/06/1979,15.6,11.4,21.0,30270,1.0,1.06,3.2
25/06/1979,16.5,9.7,22.4,30740,0.0,1.1,1.8
26/06/1979,18.3,9.9,24.9,30700,0.0,1.21,1.6
27/06/1979,21.0,14.8,27.1,24520,0.0,1.41,2.6
28/06/1979,22.7,16.9,27.0,21620,0.4,1.88,1.7
29/06/1979,20.7,18.2,25.4,13210,21.2,2.08,3.1
30/06/1979,20.2,17.3,24.1,24490,1.5,1.7,3.8
01/07/1979,19.9,15.2,24.6,24740,0.0,1.6,2.9
02/07/1979,19.7,12.6,25.6,29940,0.0,1.54,1.6
03/07/1979,21.6,14.6,28.2,23020,0.8,1.95,2.0
04/07/1979,21.2,16.9,23.2,14830,21.6,2.1,2.8
05/07/1979,17.5,12.7,21.9,28850,0.0,1.21,2.9
06/07/1979,17.9,11.1,23.2,27610,0.0,1.34,1.7
07/07/1979,19.0,13.3,24.2,25740,0.0,1.4,2.3
08/07/1979,19.4,15.2,23.7,14040,9.1,1.78,2.6
09/07/1979,21.1,18.6,24.9,16470,2.5,2.16,1.3
10/07/1979,22.0,16.5,27.1,25620,0.0,2.04,1.0
11/07/1979,23.5,17.7,28.2,24860,0.0,2.17,1.5
12/07/1979,23.6,18.9,27.9,21060,0.2,2.36,2.0
13/07/1979,23.3,21.2,26.7,8540,8.8,2.47,2.0
14/07/1979,24.6,20.4,31.3,21240,7.7,2.54,2.2
15/07/1979,25.1,20.4,29.3,23700,0.0,2.48,1.6
16/07/1979,23.0,18.7,28.3,25640,0.0,2.03,2.8
17/07/1979,19.3,15.6,23.7,21220,0.0,1.55,3.2
18/07/1979,19.1,13.2,24.6,25780,0.0,1.45,1.4
19/07/1979,20.0,13.1,25.6,26690,0.0,1.49,1.2
20/07/1979,20.9,14.8,25.8,20660,0.0,1.56,1.4
21/07/1979,22.0,14.9,27.0,23310,0.0,1.69,1.0
22/07/1979,24.0,18.8,28.7,26330,0.0,1.85,0.7
23/07/1979,24.6,18.5,30.0,24790,0.2,2.21,2.0
24/07/1979,24.5,22.0,28.4,15400,14.4,2.63,3.5
